"src_name";"src_gender"
"Aaron";"M"
"Adam";"M"
"Adrian";"M"
"Agnes";"F"
"Alan";"M"
"Albert";"M"
"Alberto";"M"
"Alex";"M"
"Alexander";"M"
"Alfred";"M"
"Alfredo";"M"
"Alice";"F"
"Alicia";"F"
"Allan";"M"
"Allen";"M"
"Allison";"F"
"Alma";"F"
"Alvin";"M"
"Amanda";"F"
"Amber";"F"
"Amy";"F"
"Ana";"F"
"Andre";"M"
"Andrea";"F"
"Andrew";"M"
"Andy";"M"
"Angel";"M"
"Angela";"F"
"Anita";"F"
"Ann";"F"
"Anna";"F"
"Anne";"F"
"Annette";"F"
"Annie";"F"
"Anthony";"M"
"Antonio";"M"
"April";"F"
"Arlene";"F"
"Armando";"M"
"Arnold";"M"
"Arthur";"M"
"Ashley";"F"
"Audrey";"F"
"Barbara";"F"
"Barry";"M"
"Beatrice";"F"
"Becky";"F"
"Ben";"M"
"Benjamin";"M"
"Bernard";"M"
"Bernice";"F"
"Bertha";"F"
"Bessie";"F"
"Beth";"F"
"Betty";"F"
"Beverly";"F"
"Bill";"M"
"Billie";"F"
"Billy";"M"
"Bob";"M"
"Bobbie";"F"
"Bobby";"M"
"Bonnie";"F"
"Brad";"M"
"Bradley";"M"
"Brandon";"M"
"Brandy";"F"
"Brenda";"F"
"Brent";"M"
"Brett";"M"
"Brian";"M"
"Brittany";"F"
"Bruce";"M"
"Bryan";"M"
"Byron";"M"
"Calvin";"M"
"Carl";"M"
"Carla";"F"
"Carlos";"M"
"Carmen";"F"
"Carol";"F"
"Carole";"F"
"Caroline";"F"
"Carolyn";"F"
"Carrie";"F"
"Casey";"M"
"Cassandra";"F"
"Catherine";"F"
"Cathy";"F"
"Cecil";"M"
"Chad";"M"
"Charlene";"F"
"Charles";"M"
"Charlie";"M"
"Charlotte";"F"
"Cheryl";"F"
"Chester";"M"
"Chris";"M"
"Christian";"M"
"Christina";"F"
"Christine";"F"
"Christopher";"M"
"Christy";"F"
"Cindy";"F"
"Claire";"F"
"Clara";"F"
"Clarence";"M"
"Claude";"M"
"Claudia";"F"
"Clayton";"M"
"Clifford";"M"
"Clifton";"M"
"Clinton";"M"
"Clyde";"M"
"Cody";"M"
"Colleen";"F"
"Connie";"F"
"Constance";"F"
"Corey";"M"
"Cory";"M"
"Courtney";"F"
"Craig";"M"
"Crystal";"F"
"Curtis";"M"
"Cynthia";"F"
"Daisy";"F"
"Dale";"M"
"Dan";"M"
"Dana";"F"
"Daniel";"M"
"Danielle";"F"
"Danny";"M"
"Darlene";"F"
"Darrell";"M"
"Darren";"M"
"Darryl";"M"
"Daryl";"M"
"Dave";"M"
"David";"M"
"Dawn";"F"
"Dean";"M"
"Deanna";"F"
"Debbie";"F"
"Deborah";"F"
"Debra";"F"
"Delores";"F"
"Denise";"F"
"Dennis";"M"
"Derek";"M"
"Derrick";"M"
"Diana";"F"
"Diane";"F"
"Dianne";"F"
"Dolores";"F"
"Don";"M"
"Donald";"M"
"Donna";"F"
"Dora";"F"
"Doris";"F"
"Dorothy";"F"
"Douglas";"M"
"Duane";"M"
"Dustin";"M"
"Dwayne";"M"
"Dwight";"M"
"Earl";"M"
"Eddie";"M"
"Edgar";"M"
"Edith";"F"
"Edna";"F"
"Eduardo";"M"
"Edward";"M"
"Edwin";"M"
"Eileen";"F"
"Elaine";"F"
"Eleanor";"F"
"Elizabeth";"F"
"Ella";"F"
"Ellen";"F"
"Elmer";"M"
"Elsie";"F"
"Emily";"F"
"Emma";"F"
"Enrique";"M"
"Eric";"M"
"Erica";"F"
"Erik";"M"
"Erika";"F"
"Erin";"F"
"Ernest";"M"
"Esther";"F"
"Ethel";"F"
"Eugene";"M"
"Eva";"F"
"Evelyn";"F"
"Everett";"M"
"Felicia";"F"
"Felix";"M"
"Fernando";"M"
"Florence";"F"
"Floyd";"M"
"Frances";"F"
"Francis";"M"
"Francisco";"M"
"Frank";"M"
"Franklin";"M"
"Fred";"M"
"Freddie";"M"
"Frederick";"M"
"Gabriel";"M"
"Gail";"F"
"Gary";"M"
"Gene";"M"
"George";"M"
"Georgia";"F"
"Gerald";"M"
"Geraldine";"F"
"Gertrude";"F"
"Gilbert";"M"
"Gina";"F"
"Gladys";"F"
"Glen";"M"
"Glenda";"F"
"Glenn";"M"
"Gloria";"F"
"Gordon";"M"
"Grace";"F"
"Greg";"M"
"Gregory";"M"
"Guy";"M"
"Gwendolyn";"F"
"Harold";"M"
"Harry";"M"
"Harvey";"M"
"Hazel";"F"
"Heather";"F"
"Hector";"M"
"Heidi";"F"
"Helen";"F"
"Henry";"M"
"Herbert";"M"
"Herman";"M"
"Hilda";"F"
"Holly";"F"
"Howard";"M"
"Hugh";"M"
"Ian";"M"
"Ida";"F"
"Irene";"F"
"Irma";"F"
"Isaac";"M"
"Ivan";"M"
"Jack";"M"
"Jackie";"F"
"Jacob";"M"
"Jacqueline";"F"
"Jaime";"M"
"James";"M"
"Jane";"F"
"Janet";"F"
"Janice";"F"
"Jared";"M"
"Jason";"M"
"Javier";"M"
"Jay";"M"
"Jean";"F"
"Jeanette";"F"
"Jeanne";"F"
"Jeff";"M"
"Jeffery";"M"
"Jeffrey";"M"
"Jennie";"F"
"Jennifer";"F"
"Jenny";"F"
"Jeremy";"M"
"Jerome";"M"
"Jerry";"M"
"Jesse";"M"
"Jessica";"F"
"Jesus";"M"
"Jill";"F"
"Jim";"M"
"Jimmie";"M"
"Jimmy";"M"
"Jo";"F"
"Joan";"F"
"Joann";"F"
"Joanne";"F"
"Joe";"M"
"Joel";"M"
"John";"M"
"Johnnie";"M"
"Johnny";"M"
"Jon";"M"
"Jonathan";"M"
"Jordan";"M"
"Jorge";"M"
"Jose";"M"
"Joseph";"M"
"Josephine";"F"
"Joshua";"M"
"Joy";"F"
"Joyce";"F"
"Juan";"M"
"Juanita";"F"
"Judith";"F"
"Judy";"F"
"Julia";"F"
"Julian";"M"
"Julie";"F"
"Julio";"M"
"June";"F"
"Justin";"M"
"Karen";"F"
"Karl";"M"
"Katherine";"F"
"Kathleen";"F"
"Kathryn";"F"
"Kathy";"F"
"Katie";"F"
"Katrina";"F"
"Kay";"F"
"Keith";"M"
"Ken";"M"
"Kenneth";"M"
"Kent";"M"
"Kevin";"M"
"Kim";"F"
"Kimberly";"F"
"Kirk";"M"
"Kristen";"F"
"Kristin";"F"
"Kristina";"F"
"Kurt";"M"
"Kyle";"M"
"Lance";"M"
"Larry";"M"
"Laura";"F"
"Lauren";"F"
"Laurie";"F"
"Lawrence";"M"
"Leah";"F"
"Lee";"M"
"Lena";"F"
"Leo";"M"
"Leon";"M"
"Leona";"F"
"Leonard";"M"
"Leroy";"M"
"Lester";"M"
"Lewis";"M"
"Lillian";"F"
"Lillie";"F"
"Linda";"F"
"Lisa";"F"
"Lloyd";"M"
"Lois";"F"
"Lonnie";"M"
"Loretta";"F"
"Lori";"F"
"Lorraine";"F"
"Louis";"M"
"Louise";"F"
"Lucille";"F"
"Lucy";"F"
"Luis";"M"
"Lydia";"F"
"Lynn";"F"
"Mabel";"F"
"Mae";"F"
"Manuel";"M"
"Marc";"M"
"Marcia";"F"
"Marcus";"M"
"Margaret";"F"
"Margie";"F"
"Maria";"F"
"Marian";"F"
"Marie";"F"
"Marilyn";"F"
"Mario";"M"
"Marjorie";"F"
"Mark";"M"
"Marlene";"F"
"Marsha";"F"
"Marshall";"M"
"Martha";"F"
"Martin";"M"
"Marvin";"M"
"Mary";"F"
"Mathew";"M"
"Matthew";"M"
"Mattie";"F"
"Maureen";"F"
"Maurice";"M"
"Max";"M"
"Maxine";"F"
"Megan";"F"
"Melanie";"F"
"Melinda";"F"
"Melissa";"F"
"Melvin";"M"
"Michael";"M"
"Micheal";"M"
"Michele";"F"
"Michelle";"F"
"Miguel";"M"
"Mike";"M"
"Mildred";"F"
"Milton";"M"
"Minnie";"F"
"Miriam";"F"
"Misty";"F"
"Mitchell";"M"
"Monica";"F"
"Morris";"M"
"Myrtle";"F"
"Nancy";"F"
"Naomi";"F"
"Natalie";"F"
"Nathan";"M"
"Nathaniel";"M"
"Neil";"M"
"Nellie";"F"
"Nelson";"M"
"Nicholas";"M"
"Nicole";"F"
"Nina";"F"
"Nora";"F"
"Norma";"F"
"Norman";"M"
"Olga";"F"
"Oscar";"M"
"Pamela";"F"
"Patricia";"F"
"Patrick";"M"
"Patsy";"F"
"Paul";"M"
"Paula";"F"
"Pauline";"F"
"Pearl";"F"
"Pedro";"M"
"Peggy";"F"
"Penny";"F"
"Perry";"M"
"Peter";"M"
"Philip";"M"
"Phillip";"M"
"Phyllis";"F"
"Priscilla";"F"
"Rachel";"F"
"Rafael";"M"
"Ralph";"M"
"Ramon";"M"
"Ramona";"F"
"Randall";"M"
"Randy";"M"
"Raul";"M"
"Ray";"M"
"Raymond";"M"
"Rebecca";"F"
"Regina";"F"
"Reginald";"M"
"Rene";"M"
"Renee";"F"
"Rhonda";"F"
"Ricardo";"M"
"Richard";"M"
"Rick";"M"
"Ricky";"M"
"Rita";"F"
"Robert";"M"
"Roberta";"F"
"Roberto";"M"
"Robin";"F"
"Rodney";"M"
"Roger";"M"
"Roland";"M"
"Ron";"M"
"Ronald";"M"
"Ronnie";"M"
"Rosa";"F"
"Rose";"F"
"Rosemary";"F"
"Ross";"M"
"Roy";"M"
"Ruben";"M"
"Ruby";"F"
"Russell";"M"
"Ruth";"F"
"Ryan";"M"
"Sally";"F"
"Salvador";"M"
"Sam";"M"
"Samantha";"F"
"Samuel";"M"
"Sandra";"F"
"Sara";"F"
"Sarah";"F"
"Scott";"M"
"Sean";"M"
"Sergio";"M"
"Seth";"M"
"Shane";"M"
"Shannon";"F"
"Sharon";"F"
"Shawn";"M"
"Sheila";"F"
"Shelly";"F"
"Sherri";"F"
"Sherry";"F"
"Shirley";"F"
"Sidney";"M"
"Sonia";"F"
"Stacey";"F"
"Stacy";"F"
"Stanley";"M"
"Stella";"F"
"Stephanie";"F"
"Stephen";"M"
"Steve";"M"
"Steven";"M"
"Sue";"F"
"Susan";"F"
"Suzanne";"F"
"Sylvia";"F"
"Tamara";"F"
"Tammy";"F"
"Tanya";"F"
"Tara";"F"
"Ted";"M"
"Teresa";"F"
"Terrance";"M"
"Terrence";"M"
"Terri";"F"
"Thelma";"F"
"Theodore";"M"
"Theresa";"F"
"Thomas";"M"
"Tiffany";"F"
"Tim";"M"
"Timothy";"M"
"Tina";"F"
"Todd";"M"
"Tom";"M"
"Tommy";"M"
"Toni";"F"
"Tony";"M"
"Tonya";"F"
"Tracey";"F"
"Travis";"M"
"Troy";"M"
"Tyler";"M"
"Tyrone";"M"
"Valerie";"F"
"Vanessa";"F"
"Velma";"F"
"Vera";"F"
"Vernon";"M"
"Veronica";"F"
"Vicki";"F"
"Vickie";"F"
"Victor";"M"
"Victoria";"F"
"Vincent";"M"
"Viola";"F"
"Violet";"F"
"Virgil";"M"
"Virginia";"F"
"Vivian";"F"
"Wade";"M"
"Wallace";"M"
"Walter";"M"
"Wanda";"F"
"Warren";"M"
"Wayne";"M"
"Wendy";"F"
"Wesley";"M"
"Willard";"M"
"William";"M"
"Wilma";"F"
"Yolanda";"F"
"Yvonne";"F"
"Zachary";"M"
